                  epoch,         train/box_loss,         train/cls_loss,         train/dfl_loss,   metrics/precision(B),      metrics/recall(B),       metrics/mAP50(B),    metrics/mAP50-95(B),           val/box_loss,           val/cls_loss,           val/dfl_loss,                 lr/pg0,                 lr/pg1,                 lr/pg2
                      1,                    nan,                    nan,                    nan,                0.00373,                0.00397,                0.00278,                0.00222,                    nan,                    nan,                    nan,             0.00040598,             0.00040598,             0.00040598
                      2,                    nan,                    nan,                    nan,                0.06801,                0.19678,                0.04079,                0.02184,                    nan,                    nan,                    nan,             0.00081179,             0.00081179,             0.00081179
                      3,                    nan,                    nan,                    nan,                0.02393,                0.38005,                0.02977,                0.01672,                    nan,                    nan,                    nan,              0.0012066,              0.0012066,              0.0012066
                      4,                    nan,                    nan,                    nan,                0.01633,                0.40441,                0.02824,                0.01587,                    nan,                    nan,                    nan,              0.0012005,              0.0012005,              0.0012005
                      5,                    nan,                    nan,                    nan,                0.01468,                0.40913,                0.02779,                0.01567,                    nan,                    nan,                    nan,               0.001184,               0.001184,               0.001184
                      6,                    nan,                    nan,                    nan,                 0.0143,                0.41198,                0.02734,                0.01544,                    nan,                    nan,                    nan,              0.0011675,              0.0011675,              0.0011675
